L,N,freq01,freq02,freq03,freq04,freq05,freq06,freq07,freq08,freq09,freq10,freq11,freq12,freq13,freq14,freq15,freq16,freq17,freq18,freq19,freq20,freq21,freq22,freq23,freq24,freq25,freq26,freq27,freq28,freq29,freq30,freq31,freq32,freq33,freq34,freq35,freq36,
93,80,0.003,0.000,0.000,0.000,0.000,0.000,0.000,0.000,0.000,0.030,0.034,0.037,0.040,0.044,0.048,0.051,0.538,0.987,0.989,0.930,0.678,1.003,3.072,3.366,3.866,3.555,4.298,4.884,5.040,5.126,6.265,8.284,9.544,11.426,11.702,12.030,
93,81,0.003,0.000,0.000,0.000,0.000,0.000,0.000,0.000,0.000,0.029,0.034,0.036,0.040,0.043,0.047,0.051,0.544,0.992,1.049,1.020,0.694,2.917,3.227,3.521,4.039,3.745,4.522,5.109,5.281,5.419,6.576,8.716,10.045,11.995,12.271,12.582,
93,82,0.000,0.000,0.000,0.000,0.000,0.000,0.000,0.000,0.000,0.029,0.034,0.035,0.037,0.304,0.305,0.292,0.530,0.946,1.074,1.077,0.682,2.848,3.124,3.417,3.901,3.659,4.367,4.953,5.143,5.247,6.438,8.492,9.734,11.650,11.961,12.237,
93,83,0.000,0.000,0.000,0.000,0.000,0.000,0.000,0.000,0.000,0.030,0.034,0.035,0.038,0.304,0.304,0.300,0.525,0.932,1.068,1.079,0.687,2.831,3.107,3.383,3.866,3.642,4.315,4.902,5.091,5.230,6.386,8.440,9.648,11.546,11.823,12.151,
93,84,0.000,0.000,0.000,0.000,0.000,0.000,0.000,0.000,0.000,0.004,0.033,0.033,0.039,0.340,0.314,0.340,0.507,0.916,1.058,1.091,0.704,1.182,2.986,3.279,3.728,3.521,4.159,4.695,4.884,5.005,6.162,8.112,9.234,11.063,11.305,11.598,
93,85,0.000,0.000,0.000,0.000,0.000,0.000,0.000,0.000,0.004,0.029,0.033,0.034,0.038,0.392,0.354,0.352,0.490,0.863,1.001,1.055,0.685,1.148,2.882,3.158,3.590,3.417,4.004,4.539,4.712,4.833,5.989,7.887,8.923,10.701,10.977,11.236,
93,86,0.000,0.000,0.000,0.000,0.000,0.000,0.000,0.000,0.004,0.079,0.044,0.055,0.295,0.514,0.502,0.383,0.454,0.785,0.920,0.989,0.673,1.106,1.200,2.900,3.314,3.176,3.659,4.159,4.367,4.470,5.506,7.232,8.198,9.872,10.114,10.321,
93,87,0.000,0.003,0.000,0.000,0.000,0.030,0.034,0.004,0.038,0.043,0.075,0.071,0.293,0.533,0.580,0.390,0.412,0.699,0.856,0.932,0.644,1.055,1.156,1.163,3.107,3.020,3.504,3.935,4.142,4.263,5.281,6.886,7.767,9.320,9.562,9.751,
93,88,0.000,0.031,0.004,0.004,0.000,0.000,0.004,0.055,0.000,0.030,0.035,0.039,0.290,0.504,0.594,0.385,0.340,0.597,0.744,0.827,0.585,0.982,1.096,1.110,2.934,2.865,3.297,3.676,3.866,4.004,4.936,6.507,7.266,8.733,8.992,9.147,
93,89,0.000,0.000,0.031,0.004,0.000,0.000,0.004,0.046,0.000,0.030,0.034,0.037,0.043,0.478,0.547,0.371,0.316,0.552,0.687,0.777,0.556,0.932,1.044,1.072,1.118,0.683,3.055,3.417,3.607,3.728,4.695,6.144,6.783,8.181,8.388,8.526,
93,90,0.000,0.000,0.031,0.004,0.000,0.000,0.004,0.035,0.000,0.029,0.033,0.037,0.039,0.464,0.538,0.369,0.304,0.528,0.658,0.747,0.528,0.899,1.032,1.056,1.111,0.630,2.969,3.297,3.435,3.624,4.505,5.868,6.489,7.784,8.164,8.215,
93,91,0.000,0.000,0.031,0.003,0.000,0.000,0.003,0.000,0.000,0.029,0.034,0.037,0.039,0.454,0.551,0.380,0.302,0.521,0.666,0.747,0.533,0.908,1.042,1.080,1.132,0.618,3.055,3.348,3.573,3.693,4.677,5.989,6.679,7.957,8.181,8.371,
93,92,0.000,0.000,0.030,0.003,0.000,0.000,0.000,0.000,0.000,0.029,0.033,0.037,0.039,0.449,0.545,0.373,0.314,0.528,0.668,0.742,0.547,0.930,1.060,1.101,1.163,0.621,3.089,3.366,3.555,3.728,4.746,6.041,6.679,8.026,8.267,8.457,
93,93,0.000,0.000,0.000,0.000,0.000,0.000,0.000,0.000,0.000,0.030,0.033,0.036,0.039,0.419,0.513,0.359,0.051,0.425,0.559,0.673,0.461,0.846,0.973,1.023,1.103,0.597,3.089,3.400,3.590,3.780,4.781,6.144,6.731,8.112,8.353,8.457,
93,94,0.000,0.000,0.000,0.000,0.000,0.000,0.000,0.000,0.000,0.029,0.033,0.036,0.039,0.366,0.454,0.318,0.052,0.340,0.469,0.570,0.390,0.737,0.851,0.901,0.989,0.578,2.831,3.072,3.297,3.435,4.384,5.627,6.127,7.404,7.663,7.784,
93,95,0.000,0.000,0.000,0.000,0.000,0.000,0.000,0.000,0.000,0.029,0.033,0.035,0.039,0.340,0.428,0.302,0.052,0.361,0.476,0.568,0.404,0.723,0.830,0.878,0.968,0.601,1.167,1.248,3.003,3.158,4.039,5.143,5.592,6.766,6.990,7.094,
93,96,0.000,0.000,0.000,0.000,0.000,0.000,0.000,0.000,0.000,0.029,0.034,0.036,0.040,0.321,0.392,0.285,0.053,0.385,0.482,0.557,0.423,0.699,0.804,0.856,0.944,0.594,1.153,1.241,1.244,1.201,3.590,4.539,4.936,5.972,6.179,6.282,
93,97,0.000,0.000,0.000,0.000,0.000,0.000,0.000,0.000,0.000,0.030,0.034,0.036,0.040,0.319,0.383,0.050,0.292,0.461,0.549,0.585,0.449,0.735,0.842,0.948,1.063,0.620,1.267,1.322,1.320,1.115,3.383,4.194,4.574,5.523,5.713,5.799,
