y_m,f_hz,dv_mv
15.0,12.000000000000002,3.8944132520960197
16.0,12.000000000000002,3.8642539329775785
17.0,12.000000000000002,3.95278040315464
18.0,12.000000000000002,3.8815793102860217
19.0,12.000000000000002,3.7668112886175846
20.0,12.000000000000002,3.734792870110123
21.0,12.000000000000002,3.5292909474363228
22.0,12.000000000000002,3.0472806860618227
23.0,12.000000000000002,2.5621209227103274
24.0,12.000000000000002,2.518016546952984
25.0,12.000000000000002,2.9076874560179258
26.0,12.000000000000002,3.4006336948343945
27.0,12.000000000000002,3.4370035150702143
28.0,12.000000000000002,3.803204689491589
29.0,12.000000000000002,3.7247743676006317
15.0,14.007328594333288,4.524527137078345
16.0,14.007328594333288,4.550436774246157
17.0,14.007328594333288,4.580396109846149
18.0,14.007328594333288,4.67021786600481
19.0,14.007328594333288,4.70485608026107
20.0,14.007328594333288,4.3790417630279626
21.0,14.007328594333288,4.190018103934986
22.0,14.007328594333288,3.4165266130343683
23.0,14.007328594333288,3.088368310109859
24.0,14.007328594333288,3.1389743377694526
25.0,14.007328594333288,3.4959266317828024
26.0,14.007328594333288,3.935239032893445
27.0,14.007328594333288,4.274435941016246
28.0,14.007328594333288,4.499525588768352
29.0,14.007328594333288,4.643723687822173
15.0,16.35043786246891,5.2098033779711805
16.0,16.35043786246891,5.338586883413442
17.0,16.35043786246891,5.3445553081515245
18.0,16.35043786246891,5.4434912878476895
19.0,16.35043786246891,5.327537821511753
20.0,16.35043786246891,5.142300879558504
21.0,16.35043786246891,4.538732753372104
22.0,16.35043786246891,3.94803637043143
23.0,16.35043786246891,3.5127557951253343
24.0,16.35043786246891,3.5858021349952853
25.0,16.35043786246891,3.8137406585678852
26.0,16.35043786246891,4.8398036793330945
27.0,16.35043786246891,5.293492883633054
28.0,16.35043786246891,5.417524173085506
29.0,16.35043786246891,5.399076150517588
15.0,19.085496316735867,6.061277537762253
16.0,19.085496316735867,6.386250651044567
17.0,19.085496316735867,6.475696101963163
18.0,19.085496316735867,6.428792702283493
19.0,19.085496316735867,6.258464164798604
20.0,19.085496316735867,5.828255040879701
21.0,19.085496316735867,5.009876740621801
22.0,19.085496316735867,4.372416111895139
23.0,19.085496316735867,3.787718479033779
24.0,19.085496316735867,3.570991961827243
25.0,19.085496316735867,4.4248365180848745
26.0,19.085496316735867,5.265350290247586
27.0,19.085496316735867,5.8868412242911905
28.0,19.085496316735867,5.807035732336982
29.0,19.085496316735867,5.978065504291053
15.0,22.278068191204746,6.775388701516557
16.0,22.278068191204746,6.624003469181956
17.0,22.278068191204746,7.219744818004548
18.0,22.278068191204746,6.7389018561173435
19.0,22.278068191204746,6.809847380125387
20.0,22.278068191204746,6.376633179031956
21.0,22.278068191204746,5.990925509609554
22.0,22.278068191204746,4.877656102279313
23.0,22.278068191204746,3.945696443985321
24.0,22.278068191204746,3.6161559552113887
25.0,22.278068191204746,4.699132931708935
26.0,22.278068191204746,5.836542689206408
27.0,22.278068191204746,6.620042859884411
28.0,22.278068191204746,6.618295255898759
29.0,22.278068191204746,7.21458625055093
15.0,26.004685133430755,7.310127749254141
16.0,26.004685133430755,7.460154494367906
17.0,26.004685133430755,7.820576248527181
18.0,26.004685133430755,7.592139135949397
19.0,26.004685133430755,7.90773006498109
20.0,26.004685133430755,7.104709975100883
21.0,26.004685133430755,6.065813715328033
22.0,26.004685133430755,4.847191109528794
23.0,26.004685133430755,3.7540541253165505
24.0,26.004685133430755,3.7323354090705876
25.0,26.004685133430755,4.995445799518694
26.0,26.004685133430755,6.291075170571257
27.0,26.004685133430755,7.33912693532819
28.0,26.004685133430755,7.290745458818911
29.0,26.004685133430755,7.965135500403883
15.0,30.354680804678193,8.285957385614129
16.0,30.354680804678193,8.752211621185012
17.0,30.354680804678193,8.24404327022142
18.0,30.354680804678193,8.136461596735607
19.0,30.354680804678193,8.23094968447454
20.0,30.354680804678193,7.918362870890251
21.0,30.354680804678193,6.620808975226367
22.0,30.354680804678193,4.9151526294037895
23.0,30.354680804678193,3.5873663927681196
24.0,30.354680804678193,3.580604726666352
25.0,30.354680804678193,5.078483470996419
26.0,30.354680804678193,6.784618347388038
27.0,30.354680804678193,7.642837689467547
28.0,30.354680804678193,7.90641121585175
29.0,30.354680804678193,8.537951434067335
15.0,35.43233236726905,8.754669610001622
16.0,35.43233236726905,8.908970666753671
17.0,35.43233236726905,9.267136819387186
18.0,35.43233236726905,8.446609920176524
19.0,35.43233236726905,8.977619127530987
20.0,35.43233236726905,8.133877327685743
21.0,35.43233236726905,6.969657573000524
22.0,35.43233236726905,5.0012889403785215
23.0,35.43233236726905,3.490590799705307
24.0,35.43233236726905,3.5418073971924264
25.0,35.43233236726905,4.898629164065234
26.0,35.43233236726905,7.243024849456454
27.0,35.43233236726905,8.458653002128283
28.0,35.43233236726905,9.099388628484867
29.0,35.43233236726905,9.374610373565137
15.0,41.35936019433071,10.083503626759983
16.0,41.35936019433071,10.099382437519607
17.0,41.35936019433071,9.86504555401637
18.0,41.35936019433071,9.37631464371598
19.0,41.35936019433071,9.538500727457295
20.0,41.35936019433071,8.662372805521747
21.0,41.35936019433071,6.970777557050886
22.0,41.35936019433071,5.016888679018382
23.0,41.35936019433071,3.087152682634684
24.0,41.35936019433071,3.043692467360125
25.0,41.35936019433071,4.822518270506692
26.0,41.35936019433071,7.340206375713321
27.0,41.35936019433071,8.962484193660877
28.0,41.35936019433071,9.957268985165275
29.0,41.35936019433071,9.791508649493757
15.0,48.277845724448206,10.92833682973848
16.0,48.277845724448206,11.041963797703318
17.0,48.277845724448206,10.953182026928774
18.0,48.277845724448206,9.785979986328453
19.0,48.277845724448206,10.660286753068183
20.0,48.277845724448206,9.557464265735536
21.0,48.277845724448206,7.7269742582945184
22.0,48.277845724448206,5.025261568101224
23.0,48.277845724448206,2.880406088722805
24.0,48.277845724448206,2.8749946253106646
25.0,48.277845724448206,4.916399501683752
26.0,48.277845724448206,7.1946905360631925
27.0,48.277845724448206,9.430155720231182
28.0,48.277845724448206,10.033409776518907
29.0,48.277845724448206,10.874756858776548
15.0,56.3536374074062,11.245222847539699
16.0,56.3536374074062,11.37087186700188
17.0,56.3536374074062,11.044290326738999
18.0,56.3536374074062,11.09978589100416
19.0,56.3536374074062,10.987553557932824
20.0,56.3536374074062,9.627732660220632
21.0,56.3536374074062,8.107531379588771
22.0,56.3536374074062,5.052889571713482
23.0,56.3536374074062,2.6065705938893564
24.0,56.3536374074062,2.508258447479453
25.0,56.3536374074062,5.147040189569168
26.0,56.3536374074062,7.963317688891381
27.0,56.3536374074062,9.916542882245865
28.0,56.3536374074062,10.913486686083923
29.0,56.3536374074062,11.886749959592036
15.0,65.78032638762089,12.071801055804155
16.0,65.78032638762089,12.12017726550008
17.0,65.78032638762089,11.539897773474195
18.0,65.78032638762089,12.607285730985758
19.0,65.78032638762089,12.03398705085458
20.0,65.78032638762089,11.072671749244352
21.0,65.78032638762089,8.548412085129968
22.0,65.78032638762089,5.497465238147965
23.0,65.78032638762089,2.8398897131257406
24.0,65.78032638762089,2.860300807796028
25.0,65.78032638762089,5.325904497328785
26.0,65.78032638762089,8.15876152535833
27.0,65.78032638762089,11.060414487565202
28.0,65.78032638762089,11.031782829078555
29.0,65.78032638762089,11.927097991728077
15.0,76.78388722949154,12.757480042562241
16.0,76.78388722949154,12.433544410814044
17.0,76.78388722949154,13.060641983632468
18.0,76.78388722949154,12.680630738628713
19.0,76.78388722949154,12.281774913016653
20.0,76.78388722949154,11.606636062952306
21.0,76.78388722949154,9.028302570200893
22.0,76.78388722949154,6.107125659050427
23.0,76.78388722949154,3.267008142402339
24.0,76.78388722949154,3.186916906768268
25.0,76.78388722949154,5.520858678898333
26.0,76.78388722949154,8.799914467556082
27.0,76.78388722949154,11.801029516048656
28.0,76.78388722949154,12.425985262903154
29.0,76.78388722949154,12.648943377807427
15.0,89.62809493114328,14.252207446888441
16.0,89.62809493114328,13.058872451018528
17.0,89.62809493114328,13.332697018885153
18.0,89.62809493114328,13.312311449075738
19.0,89.62809493114328,13.423713370588448
20.0,89.62809493114328,11.933891936606814
21.0,89.62809493114328,9.72715975308299
22.0,89.62809493114328,6.297955206632941
23.0,89.62809493114328,4.076739045401663
24.0,89.62809493114328,4.085929531312802
25.0,89.62809493114328,6.52201340041931
26.0,89.62809493114328,9.958078661071301
27.0,89.62809493114328,11.704085135917149
28.0,89.62809493114328,13.00495021923708
29.0,89.62809493114328,14.061988490542017
15.0,104.62084808205185,14.387345796570154
16.0,104.62084808205185,15.3209772939201
17.0,104.62084808205185,13.979750119445427
18.0,104.62084808205185,14.500721597373255
19.0,104.62084808205185,13.8684290240742
20.0,104.62084808205185,13.186634805568515
21.0,104.62084808205185,10.768174543387357
22.0,104.62084808205185,7.452678062508833
23.0,104.62084808205185,4.904085505939907
24.0,104.62084808205185,5.4982807115274115
25.0,104.62084808205185,7.56271059446895
26.0,104.62084808205185,10.118891043050544
27.0,104.62084808205185,12.714230863104671
28.0,104.62084808205185,14.234014381961865
29.0,104.62084808205185,14.038811989981472
15.0,122.12154974192697,15.690660183825592
16.0,122.12154974192697,15.527655438670637
17.0,122.12154974192697,14.996012163311635
18.0,122.12154974192697,14.790564656027923
19.0,122.12154974192697,14.273416482294198
20.0,122.12154974192697,13.496854006265705
21.0,122.12154974192697,11.191231876407965
22.0,122.12154974192697,9.00443614439333
23.0,122.12154974192697,6.582265510238414
24.0,122.12154974192697,6.045710965707783
25.0,122.12154974192697,8.382354188500367
26.0,122.12154974192697,11.08748043907216
27.0,122.12154974192697,13.387712536816704
28.0,122.12154974192697,13.345564412144657
29.0,122.12154974192697,14.488973866759874
15.0,142.54972297369903,16.437352035216314
16.0,142.54972297369903,15.65673107162825
17.0,142.54972297369903,16.217335630291704
18.0,142.54972297369903,15.52327052775527
19.0,142.54972297369903,16.305694683938746
20.0,142.54972297369903,14.707187038675091
21.0,142.54972297369903,12.537149365700774
22.0,142.54972297369903,10.62374666942487
23.0,142.54972297369903,7.548599375705342
24.0,142.54972297369903,7.343526632791862
25.0,142.54972297369903,9.927892175452717
26.0,142.54972297369903,12.66771583994242
27.0,142.54972297369903,15.087495068010112
28.0,142.54972297369903,15.059419423711164
29.0,142.54972297369903,16.134706861811484
15.0,166.39506756031525,16.992005560064513
16.0,166.39506756031525,16.235396726279642
17.0,166.39506756031525,16.640133279763386
18.0,166.39506756031525,16.09418997622369
19.0,166.39506756031525,17.40191707801288
20.0,166.39506756031525,15.125283436413197
21.0,166.39506756031525,13.466601704784742
22.0,166.39506756031525,10.685030533143818
23.0,166.39506756031525,8.859400089621776
24.0,166.39506756031525,8.950780009195741
25.0,166.39506756031525,11.292216246604964
26.0,166.39506756031525,13.402131183422165
27.0,166.39506756031525,15.365572140243286
28.0,166.39506756031525,15.566918098329799
29.0,166.39506756031525,16.09584865040048
15.0,194.2291989828019,18.746000841519656
16.0,194.2291989828019,17.854523795918325
17.0,194.2291989828019,16.90031220671498
18.0,194.2291989828019,16.56364619880591
19.0,194.2291989828019,16.526020116290457
20.0,194.2291989828019,16.25981350351018
21.0,194.2291989828019,14.602657755656459
22.0,194.2291989828019,11.871471283950633
23.0,194.2291989828019,9.798740926635293
24.0,194.2291989828019,10.627040863781174
25.0,194.2291989828019,12.30716548271761
26.0,194.2291989828019,14.423540168266905
27.0,194.2291989828019,16.162693682454602
28.0,194.2291989828019,16.75383170236704
29.0,194.2291989828019,15.736058495807239
15.0,226.71935106385422,18.12358593217474
16.0,226.71935106385422,17.480090893952106
17.0,226.71935106385422,17.50978524909124
18.0,226.71935106385422,17.65947734348918
19.0,226.71935106385422,18.176009099433273
20.0,226.71935106385422,16.469979732192204
21.0,226.71935106385422,14.805530080794075
22.0,226.71935106385422,13.40198417117358
23.0,226.71935106385422,11.553011217507633
24.0,226.71935106385422,10.97233833547387
25.0,226.71935106385422,13.371429408589913
26.0,226.71935106385422,15.335875767603012
27.0,226.71935106385422,17.223673217481615
28.0,226.71935106385422,17.112487221637025
29.0,226.71935106385422,18.455217216235408
15.0,264.64437075378436,19.48619933100883
16.0,264.64437075378436,19.16595536261368
17.0,264.64437075378436,19.114353302819364
18.0,264.64437075378436,16.631153240509484
19.0,264.64437075378436,18.68528668359969
20.0,264.64437075378436,17.8332890345243
21.0,264.64437075378436,16.227057705897995
22.0,264.64437075378436,13.784428847735459
23.0,264.64437075378436,12.27652850566434
24.0,264.64437075378436,12.407701076052177
25.0,264.64437075378436,13.939033199961166
26.0,264.64437075378436,16.072407337846798
27.0,264.64437075378436,18.505331910006454
28.0,264.64437075378436,17.925506040663066
29.0,264.64437075378436,19.33301711373626
15.0,308.9133884824019,19.65739720467891
16.0,308.9133884824019,19.081114605771667
17.0,308.9133884824019,19.375893093757014
18.0,308.9133884824019,18.96226471841229
19.0,308.9133884824019,19.68056424534824
20.0,308.9133884824019,18.799000972785656
21.0,308.9133884824019,16.79022409945027
22.0,308.9133884824019,14.362549046918248
23.0,308.9133884824019,13.199601844798025
24.0,308.9133884824019,13.456910118915415
25.0,308.9133884824019,14.80298321167364
26.0,308.9133884824019,17.289757186854168
27.0,308.9133884824019,18.394943927603464
28.0,308.9133884824019,19.329008415621797
29.0,308.9133884824019,19.33006941429026
15.0,360.5876116384946,20.479127616303984
16.0,360.5876116384946,19.37986581165164
17.0,360.5876116384946,20.684438016961888
18.0,360.5876116384946,20.106950713829896
19.0,360.5876116384946,20.250632035749096
20.0,360.5876116384946,19.14938301254403
21.0,360.5876116384946,17.98177709885645
22.0,360.5876116384946,15.077520157618402
23.0,360.5876116384946,14.29050312580142
24.0,360.5876116384946,13.09307713472976
25.0,360.5876116384946,15.093094587891171
26.0,360.5876116384946,17.93652296590541
27.0,360.5876116384946,20.19594537102782
28.0,360.5876116384946,20.2022582538336
29.0,360.5876116384946,20.096032137265794
15.0,420.9057636055193,20.14664102854087
16.0,420.9057636055193,20.924883322493805
17.0,420.9057636055193,21.025978028382056
18.0,420.9057636055193,22.056758605496178
19.0,420.9057636055193,21.164843545253873
20.0,420.9057636055193,19.156436344558077
21.0,420.9057636055193,19.641436281039446
22.0,420.9057636055193,16.054214412014225
23.0,420.9057636055193,14.055729261300666
24.0,420.9057636055193,15.075365805804763
25.0,420.9057636055193,16.222492059757162
26.0,420.9057636055193,18.311543247041868
27.0,420.9057636055193,20.209224580057487
28.0,420.9057636055193,21.303694736479027
29.0,420.9057636055193,21.617667391444964
15.0,491.3137781726064,20.893724187924985
16.0,491.3137781726064,23.098535219722997
17.0,491.3137781726064,22.403521566082393
18.0,491.3137781726064,21.48987622418448
19.0,491.3137781726064,20.988451807327646
20.0,491.3137781726064,20.19562352707494
21.0,491.3137781726064,19.271624200956985
22.0,491.3137781726064,16.548500805741217
23.0,491.3137781726064,14.677811500148277
24.0,491.3137781726064,15.388134173284664
25.0,491.3137781726064,17.06116957164364
26.0,491.3137781726064,18.973276534137295
27.0,491.3137781726064,21.258472902979225
28.0,491.3137781726064,22.399555113239757
29.0,491.3137781726064,21.023421629873305
15.0,573.4994611489226,22.13125532305941
16.0,573.4994611489226,23.17571587939495
17.0,573.4994611489226,23.016804838038716
18.0,573.4994611489226,22.6348502300248
19.0,573.4994611489226,23.03153017506281
20.0,573.4994611489226,20.81592051000835
21.0,573.4994611489226,18.9912850911052
22.0,573.4994611489226,17.028540401700525
23.0,573.4994611489226,15.633429594161354
24.0,573.4994611489226,15.204167170254857
25.0,573.4994611489226,17.227473968086215
26.0,573.4994611489226,19.29184904867315
27.0,573.4994611489226,21.11789875077731
28.0,573.4994611489226,21.584565860050947
29.0,573.4994611489226,22.729791970570172
15.0,669.4329500821696,23.840847622696316
16.0,669.4329500821696,22.949101406311296
17.0,669.4329500821696,23.132242686359987
18.0,669.4329500821696,22.821730216074332
19.0,669.4329500821696,23.359652970160433
20.0,669.4329500821696,22.293248231710734
21.0,669.4329500821696,21.52094034011607
22.0,669.4329500821696,17.48203952457709
23.0,669.4329500821696,16.286646462821402
24.0,669.4329500821696,16.32603355263752
25.0,669.4329500821696,17.88063470459839
26.0,669.4329500821696,20.898234492726843
27.0,669.4329500821696,21.27432973070482
28.0,669.4329500821696,24.454739768555903
29.0,669.4329500821696,22.29145883266548
15.0,781.4139419729051,24.695081981808833
16.0,781.4139419729051,23.22280988242272
17.0,781.4139419729051,24.852523438996368
18.0,781.4139419729051,23.69444910015154
19.0,781.4139419729051,23.843358138641687
20.0,781.4139419729051,22.984570173600027
21.0,781.4139419729051,21.90058265870214
22.0,781.4139419729051,18.48207899175194
23.0,781.4139419729051,15.156011477099046
24.0,781.4139419729051,16.257606873045123
25.0,781.4139419729051,18.764955267312097
26.0,781.4139419729051,20.92035491090967
27.0,781.4139419729051,23.477818364727277
28.0,781.4139419729051,24.453402919014028
29.0,781.4139419729051,23.864885595057494
15.0,912.1268211173137,23.670988616554038
16.0,912.1268211173137,25.80629344966265
17.0,912.1268211173137,25.573987665734773
18.0,912.1268211173137,24.493833455047547
19.0,912.1268211173137,26.015306384335254
20.0,912.1268211173137,23.413496562995423
21.0,912.1268211173137,21.114731466164073
22.0,912.1268211173137,19.15461875067332
23.0,912.1268211173137,17.712461410959346
24.0,912.1268211173137,16.675132570345777
25.0,912.1268211173137,20.371127452061142
26.0,912.1268211173137,21.272516084241342
27.0,912.1268211173137,24.338621880827226
28.0,912.1268211173137,24.867407064650717
29.0,912.1268211173137,24.601446052721347
15.0,1064.7050085912392,26.352100180145555
16.0,1064.7050085912392,24.375346628997445
17.0,1064.7050085912392,26.5544658644282
18.0,1064.7050085912392,25.411535621154343
19.0,1064.7050085912392,24.794683118265
20.0,1064.7050085912392,24.92192131595825
21.0,1064.7050085912392,23.235644488361668
22.0,1064.7050085912392,20.283350615849095
23.0,1064.7050085912392,18.736457384206165
24.0,1064.7050085912392,18.24924374807956
25.0,1064.7050085912392,20.588888107539475
26.0,1064.7050085912392,22.15486432745908
27.0,1064.7050085912392,24.452000505620592
28.0,1064.7050085912392,25.63053960480092
29.0,1064.7050085912392,25.446626207171978
15.0,1242.8060759474945,26.50879672046552
16.0,1242.8060759474945,26.605925594826868
17.0,1242.8060759474945,26.926533633124592
18.0,1242.8060759474945,26.124794109117996
19.0,1242.8060759474945,25.66965916844687
20.0,1242.8060759474945,24.463537212054668
21.0,1242.8060759474945,22.558273931732487
22.0,1242.8060759474945,21.123437167438812
23.0,1242.8060759474945,18.147539201929963
24.0,1242.8060759474945,18.623194124460074
25.0,1242.8060759474945,19.611488252539633
26.0,1242.8060759474945,21.83063459573754
27.0,1242.8060759474945,24.297379737886818
28.0,1242.8060759474945,26.834262996176896
29.0,1242.8060759474945,27.0443315412502
15.0,1450.6994237358738,27.28656965406234
16.0,1450.6994237358738,26.36630619076993
17.0,1450.6994237358738,26.901525124635242
18.0,1450.6994237358738,26.708432959727713
19.0,1450.6994237358738,26.40282110860434
20.0,1450.6994237358738,23.860027593028928
21.0,1450.6994237358738,23.223430877365534
22.0,1450.6994237358738,20.865920067141108
23.0,1450.6994237358738,19.562009264410026
24.0,1450.6994237358738,18.80103081272202
25.0,1450.6994237358738,21.8675612819424
26.0,1450.6994237358738,23.555398047421814
27.0,1450.6994237358738,25.6041246308454
28.0,1450.6994237358738,23.557955075320358
29.0,1450.6994237358738,27.323755818084315
15.0,1693.368626656527,28.219504877645658
16.0,1693.368626656527,29.231816422521618
17.0,1693.368626656527,27.348325127426573
18.0,1693.368626656527,27.77187971331319
19.0,1693.368626656527,26.835672826722174
20.0,1693.368626656527,25.576886961537085
21.0,1693.368626656527,23.97144734831851
22.0,1693.368626656527,21.34220756986125
23.0,1693.368626656527,20.00964531265271
24.0,1693.368626656527,19.229058980224746
25.0,1693.368626656527,21.053955938978447
26.0,1693.368626656527,24.59974610277406
27.0,1693.368626656527,26.685501179348318
28.0,1693.368626656527,26.85976807753028
29.0,1693.368626656527,28.643465077653964
15.0,1976.6308987427383,26.895081207220045
16.0,1976.6308987427383,28.32651898877791
17.0,1976.6308987427383,29.068333888233227
18.0,1976.6308987427383,27.29626960312617
19.0,1976.6308987427383,28.45809124898117
20.0,1976.6308987427383,28.28116801747114
21.0,1976.6308987427383,25.49635833015229
22.0,1976.6308987427383,21.02230557783679
23.0,1976.6308987427383,19.31337151803466
24.0,1976.6308987427383,20.47465579730104
25.0,1976.6308987427383,22.34337262024099
26.0,1976.6308987427383,25.14656904617039
27.0,1976.6308987427383,27.58554334368186
28.0,1976.6308987427383,28.761970463954444
29.0,1976.6308987427383,27.833722645867375
15.0,2307.2765423668216,29.001690131017746
16.0,2307.2765423668216,29.380937746456123
17.0,2307.2765423668216,28.76855540104672
18.0,2307.2765423668216,29.06580182806357
19.0,2307.2765423668216,30.014870752079247
20.0,2307.2765423668216,27.126760753989153
21.0,2307.2765423668216,27.30448657630456
22.0,2307.2765423668216,24.00616124130416
23.0,2307.2765423668216,19.22011012898621
24.0,2307.2765423668216,20.17590155709385
25.0,2307.2765423668216,22.958551758791135
26.0,2307.2765423668216,25.22332552383646
27.0,2307.2765423668216,27.31679958669661
28.0,2307.2765423668216,28.684236877488747
29.0,2307.2765423668216,29.829770824151275
15.0,2693.231723910768,29.54270405008718
16.0,2693.231723910768,31.64598266283235
17.0,2693.231723910768,30.25281785949303
18.0,2693.231723910768,29.83503242471187
19.0,2693.231723910768,30.9151476029858
20.0,2693.231723910768,29.18896444611294
21.0,2693.231723910768,26.764302512799148
22.0,2693.231723910768,23.07315549416245
23.0,2693.231723910768,21.909285279307962
24.0,2693.231723910768,21.284580517764407
25.0,2693.231723910768,23.1624559889182
26.0,2693.231723910768,25.218537287372776
27.0,2693.231723910768,28.97122256812161
28.0,2693.231723910768,28.61046115234903
29.0,2693.231723910768,28.38652601050899
15.0,3143.7484781250696,30.491814419773892
16.0,3143.7484781250696,31.007847523143752
17.0,3143.7484781250696,31.920641069773296
18.0,3143.7484781250696,30.93151358445806
19.0,3143.7484781250696,31.098275070528214
20.0,3143.7484781250696,28.283516670716406
21.0,3143.7484781250696,27.111215780386086
22.0,3143.7484781250696,23.973415655011753
23.0,3143.7484781250696,21.84628706390274
24.0,3143.7484781250696,21.369576825031103
25.0,3143.7484781250696,24.460562863957556
26.0,3143.7484781250696,26.719193390520214
27.0,3143.7484781250696,29.678722350719756
28.0,3143.7484781250696,30.741965226163362
29.0,3143.7484781250696,29.521636734944924
15.0,3669.6264959194195,31.661563696242506
16.0,3669.6264959194195,31.191864418000804
17.0,3669.6264959194195,29.6856592863257
18.0,3669.6264959194195,32.319388177872575
19.0,3669.6264959194195,30.76345320436496
20.0,3669.6264959194195,29.307037015470357
21.0,3669.6264959194195,27.473521195851585
22.0,3669.6264959194195,24.565587715655496
23.0,3669.6264959194195,22.799063346244115
24.0,3669.6264959194195,21.70375094133614
25.0,3669.6264959194195,24.81087065440315
26.0,3669.6264959194195,28.93314182536448
27.0,3669.6264959194195,30.557549102223135
28.0,3669.6264959194195,32.098084017630896
29.0,3669.6264959194195,30.967003474980505
15.0,4283.472012234595,32.987885599399725
16.0,4283.472012234595,32.18482780071764
17.0,4283.472012234595,33.26907190716148
18.0,4283.472012234595,31.19234381651563
19.0,4283.472012234595,31.093514465809914
20.0,4283.472012234595,31.960755124373122
21.0,4283.472012234595,28.279244567825238
22.0,4283.472012234595,24.77421059479008
23.0,4283.472012234595,22.38119918989938
24.0,4283.472012234595,21.867356679009514
25.0,4283.472012234595,26.044614220620822
26.0,4283.472012234595,27.380549893701883
27.0,4283.472012234595,30.64976848283028
28.0,4283.472012234595,32.169493245979396
29.0,4283.472012234595,32.05982363644924
15.0,4999.999999999999,32.19446809946676
16.0,4999.999999999999,32.12787962803787
17.0,4999.999999999999,33.39715664979417
18.0,4999.999999999999,31.88784463300381
19.0,4999.999999999999,33.20667146917342
20.0,4999.999999999999,30.061212869713955
21.0,4999.999999999999,28.62051086611359
22.0,4999.999999999999,25.651557416427938
23.0,4999.999999999999,21.98793266053608
24.0,4999.999999999999,23.293015633184226
25.0,4999.999999999999,25.609397672463537
26.0,4999.999999999999,28.20044523704611
27.0,4999.999999999999,30.066183949761694
28.0,4999.999999999999,31.045150058652403
29.0,4999.999999999999,32.955464360905935
